{
  "IcoMoonType": "selection",
  "icons": [
    {
      "icon": {
        "paths": [
          "M126.989 259.017h781.421c14.413 0 26.073-11.659 26.073-26.038 0-14.395-11.66-26.055-26.073-26.055h-781.421c-14.378 0-26.038 11.659-26.038 26.055 0.001 14.379 11.66 26.038 26.038 26.038zM908.412 779.971h-781.421c-14.378 0-26.038 11.66-26.038 26.057 0 14.395 11.659 26.037 26.038 26.037h781.421c14.413 0 26.073-11.642 26.073-26.037 0.002-14.397-11.659-26.057-26.071-26.057zM908.412 493.448h-781.421c-14.378 0-26.038 11.641-26.038 26.054 0 14.38 11.659 26.039 26.038 26.039h781.421c14.413 0 26.073-11.659 26.073-26.039 0.002-14.413-11.659-26.054-26.071-26.054z"
        ],
        "attrs": [
          {
            "fill": "rgb(255, 205, 50)"
          }
        ],
        "width": 1025,
        "isMulticolor": false,
        "isMulticolor2": false,
        "grid": 0,
        "tags": [
          "menu"
        ]
      },
      "attrs": [
        {
          "fill": "rgb(255, 205, 50)"
        }
      ],
      "properties": {
        "order": 6,
        "id": 0,
        "name": "menu",
        "prevSize": 32,
        "code": 59670
      },
      "setIdx": 1,
      "setId": 2,
      "iconIdx": 0
    }
  ],
  "height": 1024,
  "metadata": {
    "name": "icomoon"
  },
  "preferences": {
    "showGlyphs": true,
    "showQuickUse": true,
    "showQuickUse2": true,
    "showSVGs": true,
    "fontPref": {
      "prefix": "icon-",
      "metadata": {
        "fontFamily": "icomoon"
      },
      "metrics": {
        "emSize": 1024,
        "baseline": 6.25,
        "whitespace": 50
      },
      "embed": false,
      "autoHost": true
    },
    "imagePref": {
      "prefix": "icon-",
      "png": true,
      "useClassSelector": true,
      "color": 0,
      "bgColor": 16777215,
      "classSelector": ".icon"
    },
    "historySize": 50,
    "showCodes": true,
    "gridSize": 16,
    "quickUsageToken": {
      "UntitledProject": "ZGE4MzIyOGNhOGYwMGRjMDRlYjBkZWZmMzE0ZmRmYTkjMSMxNTE2NDM3MDQ4IyMj"
    }
  }
}